o:id,url,dcterms:identifier,o:resource_class,o:item_set,o:media/file,dcterms:title,dcterms:creator,dcterms:date,dcterms:abstract,bibo:numPages,dcterms:subject,dcterms:spatial,dcterms:rights,dcterms:rightsHolder,dcterms:language,dcterms:source,dcterms:contributor,bibo:content
11374,https://iwac.frederickmadore.com/s/afrique_ouest/item/11374,iwac-document-0000001,bibo:Document,Documents divers (Burkina Faso),https://iwac.frederickmadore.com/files/original/ad04d5188892d5268b1c3253fda1a972345713ec.pdf|https://iwac.frederickmadore.com/files/original/45e3b4a0b9452b55914f78d02fc3fb30105cec93.jp2|https://iwac.frederickmadore.com/files/original/b99c37000bef00176cb11135969d246f4bef2f64.jp2,Association des Jeunes Musulmans à Ouidi (AJMO) : historique et grandes orientations,,,Dépliant de l'Association des Jeunes Musulmans à Ouidi (AJMO),2,Association des Élèves et Étudiants Musulmans au Burkina,Ouagadougou|Burkina Faso,In Copyright - Educational Use Permitted,,Français,Louis Audet Gosselin,Louis Audet Gosselin,"HISTORIQUE

« Que soit issue de vous une communauté dont les membres appellent les Hommes au bien: leur ordonnent ce qui est convenable et leur interdisent ce qui est blâmable. Car ce seront eux qui réussiront » Coran (3/104)

C'est pour répondre à cette recommandation divine qu'un groupe de jeunes musulmans à décidé de fonder une association Islamique. Ainsi verra le jour le 25 Aout 1994 au secteur N°ll de Ouagadougou l'Association de Jeunes Musulmans à Ouidi (A.J.M.O)

En effet il existe depuis 1985 dans les établissements secondaires et supérieurs du pays (Burkina Faso) une association chargée essentiellement de promouvoir et redynamiser l'Islam dans le milieu scolaire et estudiantin dénommée: Association des Elèves et Etudiants Musulmans au Burkina (A.E.EM.B.)

Durant les années scolaire 1992-1993 et 1993-1994, la section de l'AEEMB du Lycée John KENNEDY connu une mobilisation qui alla au delà de son champ d'action constitué d'élèves musulmans:

Beaucoup de Jeunes musulmans scolarisés et non scolarisés du quartier abritant ce Lycée s'intéressèrent aux activités de la section et manifestent une grande volonté d'apprendre leur religion.

Ainsi en plus des activités menées par la section, les jeunes du quartier se rencontraient chaque jeudi nuit dans une famille pour échanger sur des points de la religion qui les semblent obscur. Ces rencontres prenaient de l'ampleur à telle enseigne que le groupe à fini par aboutir à la fondation d'une association le 25 Août 1994. Elle se vera délivrer son récépissé de reconnaissance le 03 Avril 2000.

Dès la fondation de l'association, les membres se confièrent à la grande mosquée de vendredi de Ouidi ou ils ont été très ben accueilli et soutenu jusque là. L'Imam et les autres dirigeants de cette mosquée ont été d'un grand appui et le reste toujours très favorable à l'épanouissement de cette structure qu'est l'A.J.M.O; qu'ils soient tous récompensés par le Tout Puissant Allah exalté soit-Il.

Grandes orientations

L'A. J. M. O. a pour but de:

- Promouvoir et encourager l'unité et la solidarité entre Jeunes Musulmans;

- Elever la conscience religieuse de ses membres en vue d'apporter une contribution positive à l'épanouissement et au progrès de l'Islam;

- Participer activement au développement socio-économique du pays. (Article N°6/Statut)

Depuis sa création l'AJMO à déjà organisée

- Des conférences sur des thèmes divers touchant le comportement du musulman;

- Des prêches en moré et dioula à l'intention des parents sur de thèmes touchant surtout l'éducation des enfants;

- Des retraites spirituelles pour rehausser la connaissance et le niveau spirituel de ses membres;

- Des thé-débats au cours desquels des débats sont organisés entre jeunes autours d'un thé pour échanger sur les problèmes de la jeunesse (problème d'emploi, de foyer,... ) et envisager des solutions;

- Des veillées au cours desquelles sont organisées des GDI (Grand Débat Islamiques), des conférences, projections vidéo et d'autres activités culturelles (théâtres, poèmes, squetch, démonstration d'arts matériaux.... )

- Des cours de formation islamiques pour enfants pendant les vacances, ayant pour objectif général de susciter en eux l'amour de l'islam;

- Des cours d'encadrement en appui aux membres en classe d'examen;

- La réalisation d'une pièce théâtrale intitulée: 'Musulman moderne' '.

Dans l'avenir l'A. J. M. O envisage continuer les activités habituellement organisées comme énumérées ci-dessus, aussi et surtout apporté des innovations.

En outre elle compte accentuer et mieux structurer la formation de ses membres car sans la connaissance la pratique religieuse est très difficile voir impossible vue cet aspect l'A. J. M. O vise deux (2) groupes cibles:

- Le premier groupe concerne lés enfants (bâtisseurs de l'avenir), cela dans le souci de préparer une bonne relève.

- Le deuxième groupe concerne les jeunes de manière générale.

Pour atteindre les objectifs visés au niveau de ces deux (02) groupes cibles, beaucoup d'activités telle que des séminaires de formation des retraites spirituelles, des sorties récréatives (visite de cites touristiques, pycniques, voyages d'échanges) seront menés en plus des cours de formation.

Enfin, l'A. J. M. O est en passe d'initier en son sein une troupe artistique afin d'apporter sa contribution à la culture Islamique qui est jusque là latente dans notre pays. On pourra ainsi mettre à la disposition du public musulman en particulier des activités et vidéo (CD, Cassettes) sur ces réalisations si telle est la volonté d'Allah.

L'A. J. M. O est ouvert à tout musulman sans distinction de résidence, de rang social, de confrérie, de nationalité ni d'ethnie (Article n°3 /Statut).

« Ô vous qui croyez! Si vous faites triompher la cause d'Allah. Il vous fera triompher et raffermira vos pas » Coran(47/7).

Qu'Allah nous soutienne."
11375,https://iwac.frederickmadore.com/s/afrique_ouest/item/11375,iwac-document-0000002,bibo:Document,Documents divers (Burkina Faso),https://iwac.frederickmadore.com/files/original/9a69463ea62ce11717abc7c6cf544f1f54e5e519.pdf|https://iwac.frederickmadore.com/files/original/899f68cf375cfb4daa8a93a4ab65678fe403a912.jp2|https://iwac.frederickmadore.com/files/original/4e985a8ed1d5b4d5b69bcbe3364fd943b887853b.jp2|https://iwac.frederickmadore.com/files/original/27a71d9f2dda05b25d4165dc672a94148c586a4d.jp2|https://iwac.frederickmadore.com/files/original/25087e00478a2a07f798257c9f3d1d096d4e4cec.jp2|https://iwac.frederickmadore.com/files/original/d56e9b6daf150abe40fedbac2d84ad1ce8c92a10.jp2|https://iwac.frederickmadore.com/files/original/4d169f9655c6dc078ec7f6423bcb099b91a6e72e.jp2|https://iwac.frederickmadore.com/files/original/ba9bb8622adc27dd7efeafbfa0a6f75be8b5f29c.jp2|https://iwac.frederickmadore.com/files/original/a27ea840e85761db9540b03749192a4d236abeb9.jp2|https://iwac.frederickmadore.com/files/original/24e9940e58cdfde7a12fde985b43ec454a854fb3.jp2,Rapport général du séminaire régional de formation islamique (SEREFI) tenu du 16 au 23 août 2014 au lycée provincial de Tougan/Sourou 2014,Association des Élèves et Étudiants Musulmans au Burkina,2014-08-23,,9,"Association des Élèves et Étudiants Musulmans au Burkina|Cercle d'Études, de Recherches et de Formation Islamiques",Bobo-Dioulasso|Ouagadougou|Tougan|Yako|Burkina Faso,In Copyright - Educational Use Permitted,,Français,,Frédérick Madore,"Rapport général du séminaire régional de formation islamique (SEREFI) tenu du 16 au 23 août 2014 au lycée provincial de Tougan/Sourou 2014

THEME : Le prophète Youssouf(AS), un modèle pour le jeune musulmanIntroductionClé de voûte de toutes les actions de l’A.E.E.M.B., la formation est depuis 1986, année de création de la structure, au cœur des grandes préoccupations des responsables de toutes les époques. Cette primauté qu’a la formation dans la vie de l’association a toujours été une muse pour les responsables quand il s’est chaque fois agi de trouver des cadres de formation des militants. C’est ainsi qu’a vu le jour depuis plus d’une décennie l’idée de réunir les militants de tout statut confondu dans un creuset d’épanouissement spirituel appelé séminaire régional de formation islamique(SEREFI). L’année 2014 n’a pas dérogé à cette règle. Aussi, une équipe a-t- elle été installée pour réfléchir et agir afin de perpétuer cette tradition en organisant la 16e édition des SEREFI. Soucieux de laisser des traces écrites dans le but de rendre plus perspicace l’action des générations postérieures, le comité d’organisation du SEREFI tenu à Tougan du 16 au 23 août 2014 dans l’enceinte des locaux du lycée provincial dresse à travers ce document le bilan des actions menées à l’occasion de cette activité.Construit autour de cinq(05) grands points, le présent document donne d’entrée de jeu un aperçu du comité d’organisation dans sa composition. Cet aperçu est suivi des actions préparatoires du séminaire qui, elles aussi sont suivies des activités menées pendant le séminaire. Par ailleurs, un point débouchant sur les suggestions est consacré aux contraintes rencontrées dans tout le processus de l’organisation du séminaire. En dernier ressort, une annexe est jointe au document aux fins de servir de référence à certains aspects.I- La présentation du comité d’organisationL’organisation du SEREFI 2014 a nécessité l’installation de deux comités d’organisation dont l’un à Ouagadougou et un autre à Tougan. Il s’agit ici de présenter ces comités dans leur composition d’une part et dans la gestion de la communication de l’autre.1- Le comité de OuagadougouInstallé le 1er mai 2014 avec pour principale mission de réussir l’organisation du séminaire, ce comité est composé de 30 membres répartis en treize commissions qui se composent comme suit : direction(Ol), secrétariat(02), finance(04), scientifique(02), accueil et hébergement(03), sport(02), transport(02), hygiène(04), culte(02), santé(02), restauration(03), sécurité(03) et communication^).2- Le comité de TouganInstallé le 08 juin 2014, ce comité regroupait 28 membres avec les mêmes mission et configuration que le précédent: direction(Ol), secrétariat(01), finance(03), scientifïque(Ol), accueil et hébergement(O3), sport(Ol), transport(02), hygiène(02), culte(02), santé(02), restauration(04), sécurité(05) et communication^ 1). A ces commissions s’ajoute une équipe de tanties du CERFI qui a accepté d’épauler la restauration durant toute la période du séminaire.Soulignons pour clore ce point que la communication entre les deux comités a été assurée par voix téléphonique grâce à la souscription à la flotte. De façon pratique, les principaux acteurs de cette communication ont été le directeur à Tougan et le secrétaire à Ouagadougou. En effet, ces derniers récapitulaient les actions menées au sein des comités et s’en faisaient au fur et à mesure les points.II- Les activités préparatoiresLe comité d’organisation de ce séminaire n’a pas dérogé à la règle qui veut que toute organisation sérieuse, petite soit-elle, soit préparée. C’est dans ce sens que plusieurs démarches ont été entreprises afin de réussir l’organisation du séminaire sur toute la ligne. Il s’agit donc de retracer les grandes lignes de ces démarches.1- Les rencontresAu total quatorze (14) rencontres se sont tenues en vue d’assurer une réussite à l’organisation du séminaire. Parmi ces réunions, sept(07) se sont tenues à Ouagadougou et cinq (05) à Tougan. Ces rencontres ont été en majorité ordinaires et ont de ce fait réuni tous les membres des comités chaque fois qu’elles avaient lieu. Par ailleurs deux (02) réunions se sont tenues pendant le séminaire.2- Les missionsDans le but de se rapprocher des collaborateurs de Tougan et de mieux préparer le terrain, deux missions ont été effectuées à Tougan: celle du 07 au 08 juin et celle du 13 au 16 août. La première dont les missionnaires ont été SANFO Alassane et SEDGO ^]&rouna a consisté à installer et former le comité. Quant à la seconde, elle a été effectuée par SIBALO Issa (restauration), SAWADOGO Adama (sécurité) et KALGA Saïdou(accueil et hébergement) avec pour principal objet l’appui du comitéde Tougan dans le nettoyage et l’électrification du site.3- Les financesNerf de la guerre, la question des finances a été au cœur de toutes les actions. C’est pourquoi Ton s’est évertué à trouver un budget à l’activité. Ce qui a permis de dégager un besoin de financement afin d’entreprendre les quêtes. L’ensemble des démarches en vue de pourvoir le comité en ressource financière a permis d’obtenir la somme de 2 122 230f, toute recette comprise. 4- Les diverses démarchesOutre les démarches ci-dessus évoquées diverses autres ont été entreprises par les différentes commissions.a) L’obtention du carLe transport aller-retour des séminaristes et des membres du comité a été assuré par la société de transport T.K.F. à 7000f par personne. L’obtention de ce véhicule est le résultat des multiples démarches menées par la commission transport en collaboration avec la direction.b) L’obtention du matérielL’ensemble du matériel utilisé par le comité a été obtenu auprès du CERFI, du secrétariat permanent de la colonie et du COGEP à Ouagadougou. Quant à Tougan, le matériel a été obtenu auprès du CERFI, des mosquées et des particuliers. Soulignons en outre que le Mouvement sunnite de Yako et les conseils généraux du Houet et du Yatenga ont également soutenu l’organisation avec un apport en nattes, en bouilloires et en ustensiles de cuisine.c) Le parrainageCette tâche a été exclusivement dévolue à la vice-présidence du comité exécutif de l’.A.E.E.M.B. Les démarches ont permis d’avoir Sidiki SEREME, directeur général de la Société nationale d’aménagement des terrains urbain(SONATUR) comme parrain.d) Les rencontres avec le comité exécutifPlusieurs rencontres se sont tenues avec le Secrétariat à l’organisation et à la communication en vue de lui faire régulièrement le point de l’évolution de l’organisatione) La recherche des encadreursIl s’est agi ici d’entrer en contact avec les conseils généraux du Nayala, du Sourou et du Mouhoun afin d’obtenir une liste d’éventuels encadreurs. C’est ce qui a permis d’avoir 14 encadreurs venus de ces provinces et de Ouagadougou pour administrer lescours. Ill- Les activités pendant le séminaireLe couronnement de toutes les démarches menées en amont a été l’exécution effective du programme du séminaire. L’exécution de ce programme faut-il le dire a pris en compte plusieurs aspects qu’il convient de souligner.5- L’accueil et l’hébergementL’accueil des séminaristes a été coordonné par la commission accueil et hébergement. Cet accueil a consisté à installer une équipe prenant en compte la vérification des reçus de paiement des frais d’inscription, l’étiquetage des bagages des séminaristes, l’enregistrement de ces derniers et enfin leur conduite dans leurs dortoirs respectifs. Ce dispositif a permis d’enregistrer 187séminaristes dont 78 frères et 109 sœurs venus de 16 conseils généraux. La répartition par niveau est comme suit : niveau 1:55, niveau II : 62, niveau III :40, niveau pré-emir : 17 , emir 1:10, emir II : 4 et émir conférencier : 01, cercle coran : 17.Quant à l’hébergement, l’on a réparti les séminaristes en huit (08) dortoirs dont cinq (05) pour les sœurs et trois (03) pour les frères.6- La formationObjectif principal du séminaire, la formation a pris en compte plusieurs paramètres. En effet, les séminaristes ont été répartis en sept(07) salles de cours et encadrés par quatorze (14) encadreurs. Au4olaLxx3Uhèffîes-trnrëteTrâîte^ séminaristes. En outre, les séminaristes sont chaque matin regroupés en famille spirituelle pour des révisions et des apprentissages d’invocations. Toute ces formations ont été sanctionnées par une évaluation qui donne les résultats suivants : niveau 1: 66%, niveau II : 90,32%, niveau III : 85% niveau ; pré-emir : 85%, émir I :100%, emir II : 100% , émir conférencier : 100% , cercle coran : 60%.7- Les autres activitésOutre les activités précédemment mentionnées plusieurs autres activités ont émaillé le déroulement du séminaire.a- Les cérémonies d’ouverture et de clôtureCes deux cérémonies se sont tenues respectivement le dimanche 17 dans la matinée et le vendredi 22 dans la soirée en marge de la nuit culturelle. Elles ont été toutes deux ponctuées de discours et de prestations culturelles assurées par la cellule culturelle. Après la cérémonie d’ouverture l’assemblée a eu droit à une conférence animée par l’imam OUILI Abdoul Fatah venu de Bobo autour du thème central qui est le prophète Youssouf (AS) un modèle pour le jeune musulman. Notons qu’en raison d’un voyage à l’étranger le parrain n’a été présent à aucune de ces cérémonies.b- La projectionUne seule projection a été réalisée au cours du séminaire. Elle a eu lieu le 17 août dans la nuit avec pour thème Jérusalem la cité des prophètes.c- Les prêches dans les mosquées de TouganEn vue de participer à la visibilité de la structure dans la ville de Tougan des prêches ont été animés dans quatre (04) mosquées (les mosquées N° 1 et 2 du secteur 5, la mosquée Ançar dine et la mosquée Tidjianite) de la ville de Tougan. Ces prêches ont été assurés par les encadreurs et en langue locale autour du thème la responsabilité des parents dans l'éducation des enfants : quelle contribution de l'A.E.E.M.B.?d- La prière de vendrediLa prière de vendredi a été accomplie dans les cinq (05) mosquées de vendredi de Tougan. Les séminaristes ont donc été répartis selon ces mosquées et conduis aux différents lieux de prière par la commission sécurité.e- La nuit culturelleCadre de diversement par exemple pour les séminaristes, la nuit culturelle s’est tenue le 22 août. Cette activité avait au programme nombre d’activités parmi lesquelles les compétitions enjeux al ilm, joute oratoire et lecture coranique.f- Les travaux d’intérêt communLa principale activité d’intérêt commun de ce séminaire a été le reboisement. Il a en effet été effectué sur le site du séminaire et a permis de mettre sous terre onze(l 1) plants. Ces plants couverts de protège ont été entièrement confiés au conseil général qui devra s’occuper de leur entretien.g- Les travaux en marge du séminaireDeux principales activités ont eu lieu en marge du séminaire. Elles sont notamment la rencontre des aînés avec le président du Conseil consultatif national et les visites aux partenaires du conseil général effectuées par le représentant du président du comité exécutif, SAWADOGO Ali(SG dudit bureau).h- Le don de sangEn vue d’apporter une touche au domaine du social notamment celui de la santé à l’occasion du séminaire une séance de don de sang a été organisée le vendredi 22 août dans la matinée qui a permis de récolter soixante (60) poches de sang.IV- Les contraintesL’organisation de cette 16e édition des séminaires régionaux de formation islamique a connu des difficultés de diverses formes qui se résument à ce qui suit :> la non atteinte des prévisions en termes de participants. En effet sur 630 séminaristes attendus l’on s’est retrouvé avec 187 participants. Cet état de fait a porté un coup dur sur la finance notamment sur les recettes du transport ;> l’état des toits des salles a également été une véritable gageure pour le comité d’organisation. En fait, la quasi-totalité des salles coulaient en situation de pluie. Ce désagrément est demeuré jusqu’à la fin du séminaire malgré les diverses tentatives de réparations entreprises ;> l’organisation a en outre été confrontée sur toute la chaîne de l’organisation à des contraintes d’ordres financières. Toute chose qui a dû astreindre les commissions à fonctionner sous des mesures d’austérité ;> l’absence de lieu adéquat pour la prière et de salle polyvalente a également été un véritable obstacle au bon déroulement du séminaire ;> les cas de vols devenus aujourd’hui très récurrents lors des séminaires est un phénomène qui trouble de plus en plus la quiétude des séminaristes. Quatre (04) téléphones portables ont en effet été volés au cours de ce séminaire.V- Les suggestionsConvaincu que notre expérience sera d’un apport inestimable pour les générations à venir la prise en compte des suggestions suivantes seraient nécessaires aux organisations postérieures :> intégrer les commissions spécialisées (cellule culturelle, protocole, COPRESS et gestionnaire de bibliothèque) intervenant au séminaire dans des commissions ;> revoir les objectifs de la boutique en sorte qu’elle ne soit pas exclusivement orientée vers l’obtention des bénéfices mais prendre également en compte le souci de permettre aux séminaristes de faire leur achat avec facilité sur place ;> installer le comité d’organisation à un semestre de l’activité ;> donner l’altitude au comité d’organisation de remplacer les membresincompétents et indisponibles de l’équipe V „> ne pas contraindre les membres du C.E. à occuper des postes dans le comité d’organisation s’ils se sentent indisponibles> confectionner des multiprises et les disposer à plusieurs endroits sur le site pour le chargement des appareils afin d’amenuiser les cas de vols de téléphones portables.ConclusionLouanges à Allah devons-nous proclamer à l’issue de ce long parcours ! Parcours qui a du reste été riche en partage d’expériences et de revivification des relations fraternelles du point de vue de la collaboration dans le comité d’organisation. L’on retient donc que ces quatre mois de travaux qui ont été couronnés par les activités marquant le déroulement effectif du séminaire ont sans aucun doute été un cadre par excellence de culture des vertus fraternelles. Conscients des lacunes qui ont pu entacher nos travaux, nous demandons au Pardonneur d’étaler son aile de pardon sur nous quant à ces insuffisances. Qui plus est, nous lui demandons d’améliorer nos intentions et nos actions afin que nos prochaines œuvres soient de loin comparables en termes de qualité, à celles que nous avons déjà à nos actifs."
11376,https://iwac.frederickmadore.com/s/afrique_ouest/item/11376,iwac-document-0000003,bibo:Document,Documents divers (Burkina Faso),https://iwac.frederickmadore.com/files/original/a93ac82dbac050d0182cce1f6e0027eb3727e0e8.pdf|https://iwac.frederickmadore.com/files/original/8a3044fd492cdc75da02d2101417da0c16d033b2.jp2,"Affiche de la conférence ""Rôle et place de la jeunesse musulmane dans la société""",,2010-07-03,,1,Jeunesse musulmane,Burkina Faso,In Copyright - Educational Use Permitted,,Français,Louis Audet Gosselin,Louis Audet Gosselin,"Au nom de Dieu, Clément et Miséricordieux 

La Jamaat Ibadour Rahmane à l’honneur de vous convier à la conférence qui se tiendra le samedi 03 juillet 2010 à partir de 15h 30 mn à la Maison des Jeunes et de la Culture du secteur 10.

Thème: RÔLE ET PLACE DE LA JEUNESSE MUSULMANE DANS LA SOCIÉTÉ

Conférencier: Docteur KINDO Mohamad

Programme:
15 h 30: Lecture du Saint Coran
15 h 35: Mot de bienvenue du Président de la section Provinciale du Kadiogo
16 h 00: Conférence
17 h 30: Echanges et débats
18 h 15: Dou’a de clôture et fin de la conférence.

Votre présence témoignera de votre engagement pour la cause de l’Islam

Le Président, P.O.

Le Secrétaire à l’Organisation

El Hajj Aboubakar SANA"
11377,https://iwac.frederickmadore.com/s/afrique_ouest/item/11377,iwac-document-0000004,bibo:Document,Documents divers (Burkina Faso),https://iwac.frederickmadore.com/files/original/6f5c46cc298587ceefaeb8c18232538a90919c48.pdf|https://iwac.frederickmadore.com/files/original/64da8c23dec294754de75088d6163149f9646e94.jp2|https://iwac.frederickmadore.com/files/original/35c6fdbcaa9862026d193e27e3a72ebb231c5743.jp2|https://iwac.frederickmadore.com/files/original/ecfd3e35a4f5b2cef4dfc468415e739a0a5f728e.jp2|https://iwac.frederickmadore.com/files/original/799d9d4d6e8046966246721e1508310830c9f1e0.jp2|https://iwac.frederickmadore.com/files/original/62e89bf7eac6d86185af0175697369592109c6ec.jp2,Projet d'ouverture de 60 centres d'alphabétisation au profit des femmes musulmanes du Burkina,Ligue des Femmes de la Communauté Musulmane du Burkina Faso,2014-01-01,,5,Enseignement confessionnel islamique|Femme en islam,Ouagadougou|Burkina Faso,In Copyright - Educational Use Permitted,,Français,,Frédérick Madore,"1) Présentation de l’Association

La Ligue Nationale des Femmes Musulmanes du Burkina est une association de confession musulmane apolitique, non gouvernementale et à but non lucratif,

Reconnue officiellement sur le récépissé N°2001-28/MATD/SG/DGAP/DLPAP.

Elle est née de l’initiative du Cheick Islam Mahamoudou Bandé guide spirituel et fondateur de la Ligue, responsable des affaires islamiques de la communauté Musulmane du Burkina, qui a vu la nécessité d’unir les femmes musulmanes, leurs efforts, leur volonté dans une structure organisationnelle pour contribuer à leur épanouissement, à la promotion de l’islam à travers leur éducation, leur formation, à cultiver l’amour de Dieu, la paix, la tolérance.

Les organes dirigeants de la LNFMB sont : L’Assemblée générale qui est l’organe suprême de décision de la LNFMB ; le Bureau exécutif, organe dirigeant est élu pour cinq (05) ans. Son siège est à Ouagadougou.

2) Résumé du Projet

Fiche signalétique du projet

Nom de l’Association promotrice

Ligue Nationale des Femmes Musulmanes du Burkina

Titre du projet Projet d’ouverture de 60 centres d’alphabétisation au profit des femmes musulmanes du Burkina Personnes de contacts Cheick BANDE : guide spirituel 70 23 38 06 / 78838554

Adja Assèta : 78 46 71 95 Abass NABI : 76 62 62 98 / 78 31 24 35 Récépissé N°2001-28/MATD/SG/DG PAP/DLPAP Type d’organisation Association musulmane de droit Burkinabé pour la promotion de la femme musulmane Zone d’intervention Territoire National Durée 12 mois Objectif - lutte contre l’analphabétisme - améliorer la qualité de l’enseignement Bénéficiaires du projet - femmes musulmanes du Burkina Partenaires prévus - Ministère de l’éducation nationale et de l’alphabétisation - Communauté Musulmane Budget total du projet 94 380 000

3) Description du projet 3-1 : Nom du projet Projet d’ouverture de soixante (60) centres d’alphabétisation au profit des femmes musulmanes du Burkina apprenantes du saint coran. 3-2 : Zone du projet La zone d’intervention du projet concerne les 13 régions du Burkina ou sont installés ces cadres d’apprentissages coranique.

Des sorties de prises de contact se dérouleront dans les régions à la rencontre des acteurs pour expliquer les objectifs du projet pour une meilleure organisation

3-3 : Raisons d’être du projet L’analphabétisme constitue de nos jours une contrainte majeure de la population notamment de la femme musulmane mis à l’écart du système éducatif classique.

Par l’apprentissage de la lecture, de l’écriture et le calcul, les femmes musulmanes apprenantes du saint coran sortiront de l’ignorance, de l’analphabétisme et apportera sans nul doute une contribution pour une meilleure gestion de leurs ressources, et la promotion de l’éducation.

L’élaboration de ce projet prend en compte les besoins exprimés par les différents acteurs musulmans (responsables des femmes musulmanes, maîtres coraniques, leaders religieux musulmans) lors du 1er Forum organisé par la Ligue, donc la conduite d’activités d’Alphabétisation des femmes musulmanes, pour l’amélioration du système éducatif et d’apprentissage des femmes.

Le projet consiste ainsi à appuyer matériellement financièrement et techniquement la Ligue des Femmes Musulmanes pour la réalisation de leur programme d’Alphabétisation.

3-4 : Priorisation Dans les secteurs et à l’échelle des 13 régions du Burkina, l’ignorance, cause et conséquence de l’analphabétisme est une réalité notamment au sein des femmes musulmanes. Difficulté d’apprentissage, de conduite des réunions, problèmes de gestion de leurs propres ressources dues à l’analphabétisme.

L’ouverture de ces centres d’alphabétisation permettra aux musulmanes, à la population d’apprendre la lecture, l’écriture et le calcul pour une amélioration de la gestion de leurs ressources et pour une meilleure promotion de leur condition de vie et d’apprentissage. 3-5 : Objectifs visés par le projet - Améliorer la qualité de l’enseignement dans ces foyers coraniques des femmes. - lutter contre l’analphabétisme au sein des femmes musulmanes, - Alphabétiser mille huit cents (1800) auditrices en alpha initial durant l’année 2014. - augmentation du savoir des membres de la Ligue Nationale des Femmes musulmanes. 3-6 : Résultats attendus Les résultats suivants sont attendus au terme de l’exécution du projet. - la qualité de l’enseignement dans les foyers coraniques connait un début d’amélioration - les milles deux cents cinquante (1800) auditrices sont alphabétisées en alpha initial et savent lire et écrire en langue. - Augmentation des savoirs des femmes musulmanes et amélioration de leur condition d’apprentissage et des conditions de vie. 3-7 : Durée du projet Le projet est prévu pour une durée de 12 mois et reste conditionné par l’obtention du finaneement sollicité."
11378,https://iwac.frederickmadore.com/s/afrique_ouest/item/11378,iwac-document-0000005,bibo:Document,Documents divers (Burkina Faso),https://iwac.frederickmadore.com/files/original/2ea9e196e609eba9cafe0d3e92195d3dc4e3318b.pdf|https://iwac.frederickmadore.com/files/original/656b99be46a08cf432d3d11d5d161aa581fa7e8f.jp2|https://iwac.frederickmadore.com/files/original/9618e6990773950cf7ce3cd417ac04e687bdbf3f.jp2,"Dépliant ""Infos Pratiques Islam""",,,,2,NTIC et islam|Hadith,Burkina Faso,In Copyright - Educational Use Permitted,,Français,,Frédérick Madore,"Présentation de Info Pratiques Islam

Info Pratiques Islam est un service ayant pour objet d’utiliser les facilités offertes par les technologies de l’information et de la communication pour mettre à la disposition des fidèles musulmans des informations utiles dans la pratique de leur religion.

Que peut-on avoir avec Info Pratiques Islam?

Avec Info Pratiques Islam, vous pouvez recevoir par SMS sur votre téléphone portable:

- Un verset ou un hadith par jour;

La date hégirienne du jour (date H) avec les heures de lever et de coucher du soleil;

- Les dates des trois jours de jeûne recommandés par mois (ayam bid);

- La conversion d’une date hégirienne en une date grégorienne (date G) et vice-versa;

- La liste des mois hégiriens dans l’ordre;

- Les dates prévues pour les prochaines fêtes musulmanes;

- Les périodes prévues pour les prochains Ramadan;

- Le résultat d’une recherche de références coraniques.

Qui peut accéder à Info Pratiques Islam?

Tout abonné de téléphonie mobile quel que soit son opérateur et quels que soient la marque et le modèle de son téléphone portable.

Les offres de Info Pratiques Islam

Vous pouvez accéder à nos services de deux manières différentes:

- Par simple consultation en envoyant par SMS le code du service désiré au 3173. Vous recevrez en retour un message dont le contenu correspond au service demandé (hadith ou verset du jour, date hégirienne, etc. )

- Par souscription en envoyant par SMS le code de souscription au service désiré au 3174. Vous recevrez alors un message confirmant votre souscription au service demandé. Vous n’avez aucune autre action à faire. Des SMS contenant le service demandé vous seront régulièrement envoyés durant toute la période de souscription. Cette période peut être mensuelle (Verset, hadith et Date) ou annuelle (Ayam Bid)."
11379,https://iwac.frederickmadore.com/s/afrique_ouest/item/11379,iwac-document-0000006,bibo:Document,Documents divers (Burkina Faso),https://iwac.frederickmadore.com/files/original/e8c2ceba1f6ddf5f43c58a1b8032074ef48afae4.pdf|https://iwac.frederickmadore.com/files/original/336bbaaf8277bc4352c4cad90f55d941c4c77f37.jp2|https://iwac.frederickmadore.com/files/original/783cc90e34c411341ca750bc19538295df309afc.jp2|https://iwac.frederickmadore.com/files/original/a6b0657bfab12e02866f1e2ee35675734513e234.jp2|https://iwac.frederickmadore.com/files/original/769db9e74b872cefff558ecc95c2d9fa63986eca.jp2|https://iwac.frederickmadore.com/files/original/66d7de76df165e03736e97c1a2dd1612213bde28.jp2|https://iwac.frederickmadore.com/files/original/3b920352512a096b0d5bb78e153465324cb49872.jp2,Dépliant Jama'at Islamique Ahmadiyya Burkina Faso,,,,6,Social action|Communauté islamique Ahmadiyya Burkina Faso|Humanity First|Western world|Sunnah,Ouagadougou|Pakistan|Burkina Faso,In Copyright - Educational Use Permitted,,Français,,Frédérick Madore,"L’amour pour tous la haine pour personne
La Jama'at islamique Ahmadiyya est arrivée au Burkina Faso il y a de cela plusieurs décennies. Néanmoins ce ne fut qu'en 1986 que cette communauté islamique a obtenu son récépissé. Le premier missionnaire de la communauté est arrivé au Burkina en 1989. Aujourd'hui la jama'at est implanté dans toutes les régions du Burkina faso. Le siège national de la jama'at Ahmadiyya du Burkina se trouve à Ouagadougou plus précisément au secteur 25 de Somgandé. Aujourd'hui la jama'at dispose de deux centres médicaux, de deux cliniques homéopathique, decinq écoles primaires, dequatrestationsderadioet d’une imprimerie d'où sorte mensuellement deux revues religieux ; « Nouroul islam » et la renie des religions.
LES DIFFERENTES ORGANISATIONS AUXILIAIRES DE LA JAMA’AT ISLAMIQUE AHMADIYYA
Les membres de la Communauté Islamique Ahmadiyya ont été repartie en (5) cinq groupes selon la classe d’âge à laquelle ils appartiennent. Ainsi nous avons cinq organisations auxiliaires au niveau de la communauté indépendante les unes des autres mais unies par un objectif commun. Cette belle initiative fut l'œuvre de son éminence Hazrat Mirza Bashiroud Din Mahmoud Ahmad (r.a) le deuxième successeur du Messie Promis et Imam Mahdi. Ainsi nous avons :
LE MAJILS ANSAROULLAH
Cette organisation auxiliaire au sein de la communauté Ahmadiyya regroupe les hommes de ayant plus de quarante ans. Elle est dirigée par un bureau exécutif ayant à sa tête un président « le Sadr Ansaroullah ». Une fois par an, les membres de cette organisation tiennent leur convention nommé « Ijtima Ansaroullah » qui draine un important nombre de participants venu des différentes régions du pays.
LE MAJ LIS KHOUDDAMOUL AHMADIYYA
Cette organisation regroupe en son sein les jeunes
hommes de la tranche d’âge de 15 à 40 ans. Elle constitue la cheville ouvrière de la communauté Ahmadiyya. Elle est dirigée par un président qui est le « Sadr Khouddamoul Ahmadiyya ». Les membres de cette association, les khouddam se réunissent annuellement dans le cadre de leur « Ijtima National » convention national.
LE MAJLISATFALOUL AHMADIYYA
Cette organisation regroupe en son sein les garçonnets et garçons de la tranche d'âge alla n t de 7a 14 a ns..
LAJNAIMAILLAH
Cette organisation regroupe les femmes âgées de plus de 15 ans. Elle est dirigée par un comité exécutif ayant à sa tête une présidente qui est la « Sadr Lajna ima illah ». Les membres de cette association tiennent leur conférence « Ijtima national Lajna imma illah » annuellement au niveau national.
NASSIRATOULAHMADÏYYA
Cette organisation regroupe les fillettes et filles de la tranche d'âge de 7 à 15 ans.
Après la mort de son fondateur, la Communauté Musulmane Ahniadiyya a été dirigée par des successeurs élus - les Califes. L'actuel Chef de la Communauté, Hadhrat Mirza Masroor Ahmad, élu en 2003, est le cinquième calife du Mouvement.
1914-1965	1965-1982
Hazrat Mirza Bashir	Hazrat Hafiz Mirza
Nasir Ahmad (r.a) khalifatoul Massih III
uddin Mahmood Ahmad(r.a) khalifatoul Massih II
I lazrat Mirza Tahir	Hazrat Mirza Masrour
Ahmad(r.h) khalifatoul	Ahmad (a.t.b.a)
Massih IV	khalifatoul MassihV
Sa Saintéte Hazrat Mirza Masrour Ahmad Khalifatoul Massih V avec son Excellence Biaise Compaoré Président du Faso lors de son passage au Burkina en 2004
Nor
Asie
La Communauté Musulmane Ahmadiyya est une organisation religieuse,d'enverg ure internationale, établie dans plus
de 178 pays en Afrique, Amérique du d, Amérique du sud, Australie et Europe.
C’est l’organisation musulmane la plus dynamique de nos jours, ses membres se comptant en plusieurs dizaines de millions.
ta Communauté Musulmane Ahmadiyya a été fondée en 1889 par Hadhrat Mirza Ghulam Ahmad (1835-1908) à Qadian, un petit village retiré du Punjab, en Inde. Il affirma être le réformateur attendu des temps modernes, Celui qui était prédit par toutes les religions du monde (Le mehdi et le messie). La communauté qu’il fonda est l'incarnation même du message bienveillant de l'Islam - paix, fraternité universelle, et soumission à la Volonté de Dieu - sous sa forme la plus pure. Hadhrat Ahmad proclama l'Islam comme la religion de l’homme : « ta religion des gens qui sont dans le droit chemin » (98 :6)
Forte de cette conviction, la communauté ahmaddiya, dans l'espace d’un siècle, a atteint les quatre coins du monde. Là où elle s’établit, la communauté essaie d'exercer une influence constructive de l’Islam à travers des projets sociaux, des écoles, amélioration de l'hygiène, publications de littérature islamique et construction de mosquées, malgré le fait d’être âprement persécutée dans certains pays.
Les musulmans ahmadis ont gagné la réputation d’être une communauté obéissante, paisible, persévérante et bienveillante.
ta Communauté Musulmane Ahmadiyya en Islam a été créée sous instruction divine avec l’objectif de redonner ses lettres de noblesse aux valeurs
morales et spirituelles de l'Islam. Elle encourage le dialogue inter-communautaire, e t défend avec passion l’Islam et essaie de corriger certains malentendus à propos de cette religion dans l'occident. Elle prêche la paix, la tolérance, l'amour et la compréhension entre suivants de différentes communautés. Elle croit fermement en, et agit selon, le précepte coranique qui dit que « Il n’y a pas de contrainte en religion » (2 :257).
Elle rejette avec ferveur la violence et le terrorisme sous n’importe quelle forme et pour quelque raison que ce soit.
ta communauté donne une présentation claire de la sagesse, de la philosophie, de la morale et de la spiritualité islamiques selon le Saint Coran et les pratiques (sunnah) du Saint Prophète de l'Islam, Muhammad (que la paix et les bénédictions d'Allah soient sur lui).
Certains Ahmadis, à l’instar de Sir Muhammad Zafmllah Khan (qui officia en tant que premier ministre des affaires
étrangères du
Pakistan ; président du 17e assemblée générale des Nations Unies ; président et juge de la Cour Pénale Internationale de la Haye), et
Dr Abdus Salam (Prix Nobel en Physique en 1979), ont été reconnus par la communauté internationale pour leurs prodigieux services et accomplissements.
pti<A ^M,.
HUMANITY FIRST
Humanity First est une ONG au sein de la jama’at Islamique Ahmadiyya. Une branche de cette structure de bienfaisance existe ici au Burkina Faso. Comme son nom le souligne « l'humanité d’abord » cette structure intervient dans plusieurs domaines sociaux dans le souci d'apporter de l'aide aux populations. La structure apporte aides et assistance aux orphelins,aux sinistrés lors des catastrophes naturelles,aux personnes en difficultés, aux écoliers et élèves par la prise en charge de leur frais de scolarité,La structure procède également a des distribution de vivres aux populations des régions frappées de famine.
Parmi ses réalisations au Burkina Faso nous avons cinq centres de formation en technologie informatique , deux centres de formation de couture, plusieurs pompes et forages dans les villages,et l'installation de système d'énergie solaire.
fAUTE
4>l J>«j x“-* *>l VI ^1 v
Www.alislam.org
Bobo Dioulasso,
Léo
Dori
imadlyya
Tel: 40 46 02 27
Tél; 50 41 33 84
Tél: 20 98 53 33
Www.mta.tv
WM
Muslim Télévision Ahmadiyya
Dédougou
Cel: 78 80 44 20
Fada N'Gourma
Cel : 78 85 93 23
Koudougou
Cel : 78 81 32 75
BP 863 Bobo Dioulasso
Tél: 20 98 01 69
Cel: 78 81 20 27
Banfora
Tél : 20 91 04 00
Cel : 78 85 44 48
Ouahigôuya
Tél : 40 55 03 12
Goaua
Cel : 78 50 93 21
Kaya
Cel : 78 02 12 08
Niangologo
Cel : 78 82 07 20
Tenkodogo
Tél : 40 71 04 97
Cel : 78 90 19 66
Dori
BP 284 Dori
Tél: 40 46 02 27
Cel:78 90 80 24
Siège national
01 BP 4898 Ouagadougou 01
Tél : (+226) 50 35 65 58
Cel : 78 85 93 66
Fax : (+226) 50 35 66 33
Boromo
Tél: 20 53 81 29
Cel: 78 02 12 05
Léo
Cel : 78 88 49 08"
11380,https://iwac.frederickmadore.com/s/afrique_ouest/item/11380,iwac-document-0000007,bibo:Document,Documents divers (Burkina Faso),https://iwac.frederickmadore.com/files/original/01680d64875cd835fe881c312445a3ed14c1ff52.pdf|https://iwac.frederickmadore.com/files/original/7eb0389e0e5b9fb3ef5242a4ae75e173d07bd864.jp2,Grille de programmes Radio IQRA,,2015-04-01,,1,Radio IQRA,Burkina Faso,In Copyright - Educational Use Permitted,,Français,,Frédérick Madore,"LUNDI
7h à 7h30 Invocation Matinale 7h30 à 8h Qu’est ce qu’on doit faire 8h à
9h : Lecture coranique
9h à 10h : Conseils Educatifs lOh à 11 h: Espace information 11h à 12h: Espace communiqué 12h à 13h30 :Cantiques,Information 13h30 à 15h : L'union, fondement de l’Islam 15h à 16h00 : Informations du monde& Prière 16h à 17h00 : Rediffusion de la lecture du saint Coran 17h à 18h30 : Lecteurs locaux & Prière
18h30 à 19h30: Espace prêche & Prière
19h30 à 21h 30 : Jurisprudence islamique & Doa de fermeture
MARDI
5h30 à 7h30: Apprendre à lire le Saint Coran par la radio 7h30 à 8h00 :Cantiques
8hà 9h00 : Informations 9h à 11h00 :Espace libre 11h à 12h50 : Lecteurs locaux 12h50 à 13h 15 : Cantiques 13h15 à 14h30 : Conseils civiques 14h30 à 15h : Communiqué 15h à 16h00 : Connaissances islamiques
16h à17h00 :Prêches
17h à 17h30 : Information
17h30 à 18h00 : Cantiques
18h à 19h : Espace libre 19hà 20h : Lecteurs locaux 20h à 22h30 : Apprendre à lire le Saint Coran par la radio 22h30 à 23h00 : invocations
MERCREDI
5h30 à 7h30: Apprendre à lire le Saint Coran par la radio 7h30 à 8h00: Cantiques
8hà 9h00: Informations
9h à 11h00: Espace libre
11 h à 12h50: Lecteurs locaux
12h50 à 13h 15: Cantiques
13h15 à 14h30: Conseils civiques 14h30 à 15h: Communiqué 15h à 16h00: Connaissances
islamiques
16h à17h00: Prêches :
17h à 17h30: Information
17h30 à 18h00: Cantiques
18h à 19h15: Espace libre
19h15 à 20h30: Apprendre à lire le Saint Coran par la radio
20h30à 22h30: Jeux radiophoniques
22h30 à 23h00: Invocations
JEUDI
5h30 à 7h30: Prêches 7h30 à 9h00: Education des enfants 9h à 11hÛÛ: Espace libre 11h à 12h50: Lecteurs locaux 12h50 à 13h 15: Cantiques 13h15 à 14h00: Conseils civiques 14h à 15h: Information 15h à 17h00: Connaissances islamiques 17h à 17h30: Information 17h30 à 18h00: Cantiques 18h à 19h: Espace libre 19hà 20h: Lecteurs locaux
20h à 22h30: Questions réponses en direct
22h30 à 23h00: Invocations
VENDREDI
5h30 à 7h: Invocations 7h à 9h00: Jurisprudence Islamique
9h à 10h00: Lecture coranique 10h à11h30: Prêches 11h30 à 12hÛ0: Informations 12h à 12h30: Cantiques 12h 30 à 14h15: Transmission directe prière vendredi 14h15 à15h: Prêches 15h à 15h30: lecteurs locaux 15h30 à 17h: Révision lecture coranique(nouveaux) 17h à 17h30: informations 17h30 à 18h10: Espace Santé 18h10 à 19h: Cantiques 20hà 22h: Le système du pardon 22hà 22h45: Rediffusion 22h45 à 23h: Invocations
SAMEDI
5h30 à 6h 30: Apprendre à lire le Saint Coran par la radio 6h30 à7h30: Lecteurs locaux
7h30 à 8h00: Cantiques islamiques
8hà 11h00: Espace prêche
11h à 12h00: Espace information
12h à 12h50: Communiqué
12h50 à 13h30: Prêches et conseils
13h30 à 15h: Cantiques 15h à 16h00: Antenne libre 16h à 17h00: Education des enfants 17h à 17h30: Lecteurs locaux 17h30 à 19h30: Espace prêche 19h30 à 20h: Cantiques
20h à 21 h: Apprendre à lire le Saint Coran par la radio
21 h à 22h 30: Questions réponses 22h30 à 23h: Invocations
DIMANCHE
5h30 à 7h30: Apprendre à lire le Saint Coran par la radio 7h30 à 8h :Cantiques
8h à 10h00 :Lecteurs locaux 10h à 10h30: Informations 10h30 à 12h: Petit musulman 12h à 12h 50: Communiqués 12h50 à 13h20: Cantiques 13h20 à 15h20: Antenne libre 15h20 à 16h: Invocation 16h à 17h30: Espace libre 17h30 à 18h: Lecteurs locaux 18h à 19h30: Communiqués et info
19h30 à 21h: Conseils civiques 21 h à 22h30: Révision lecture coranique(
22h30 à 23h: Invocations"
11381,https://iwac.frederickmadore.com/s/afrique_ouest/item/11381,iwac-document-0000008,bibo:Document,Documents divers (Burkina Faso),https://iwac.frederickmadore.com/files/original/de906ce4fb4ac6de09b0833494adfdf6779b01a4.pdf,Dépliant Qatar Charity,,,,4,Coopération arabe,Qatar|Burkina Faso,In Copyright - Educational Use Permitted,,Français,,Frédérick Madore,"Qatar Charity
Esquive historique «le Qatar Charity en chiffre
Qatar Charity est une organisation internationale non gouvernementale créée en 1980 par un groupe de personnalités bien connues nu Qatar pour leur crédibilité. 1:11e est soumise aux dispositions de la loi réglementant l'action des associations et institutions privées au Qatar. Elle est In plus grande et la plus ancienne organisation volontaire du Qatar et intervient dans plus de 40 pays ù travers le monde. Elle œuvre dans le domaine du développement humain et la prévention des catastrophes dans le monde. Elle fonctionne conformément aux accords internationaux pour l’action humanitaire et volontaire ; c’est un organe consultatif du Conseil économique et social des Nations Unies. Elle a eu l'autorisation de
travailler au Burkina Faso depuis Novembre 2008.
Domaine stratégique
Qatar Charity intervient au Burkina Faso depuis plus d’une décennie. Elle a réalisé des centaines de projets dans divers domaines et dans différentes provinces du Burkina Faso. Voici quelques détails :
Domaine de renseignement et de la culture :
Qatar Charity a réalisé à travers les associations partenaires locales un certain nombre de complexes multifonctionnels, des écoles primaires et des centres d'alphabétisation, afin de réduire le taux d’analphabétisme dans le pays et élever le niveau de l'éducation et de la scolarisation.
Nom	Nombre	Coût	Lieu
Complexe	22	422400 000	Lco.Beguédo,Ouaga,Mars cia. Tamarabobou,Koudougou, Zorgho.Koupela.Dori, Fada, Ouahigouya,Gorom etc....
Ecoles primaires	26	5 7 600 000	Ouagadougou,Tangwego, Djibo,Koudougou,Fada, Gorom etc....
Centres d'alphab étisation	150	465456 000	Beguédo,Arbinda,Bani, 1 lamdalaye.Kougoussi, Ouaga. Dori,Kaya,Fada, Orodara, Yakouta, Y aga, Dori, Boussé Bobo, Koudougou, Zorgho, Koupela,Tangwégo, Ouahigouya. etc....
Total	198	9 4 5 4 56000	
Domaine de tante :
Qatar Charity a construit avec les associations locales un certain nombre de dispensaires dans différentes régions du pays pour la pose en charge des soins de santé des populations des differentes couches de la société
Nom	Nombre	Coût	Lieu
dispensaires	30	90 400 000	Djibo, Zorgho, moglcdo, Djaodjao, Fada, Ouahigouya, Gorom, Eco, Ouaga, Koudougou, Koupcla, Tnmarnbobou
Total	30	90.400.000	
Domaine de rciiu et de rnssainissement :
Qatar Charity a réalisé un certain nombre de projets de développement par la construction de 368 puits et forages dans les différentes régions du Burkina Faso.
Nom	Nombre	Coût	Lieu
Puits	368	205.970.000	Fada,Ouahigo ua.Djibo.Goro m, Mogtedo, Léo, Beguédo, Kaya, Ouaga, Tamarabobou Koudougou, Zorgho, Koupcla, Bobo, Arbinda, Bani, Dori, Boussé, Kongoussi, Orodara, etc..
Domaine de projets générateurs de retenus : Qatar Charity contribue à la lutte contre la pauvreté et la faim. Elle a réalisé beaucoup de projets de développement au profit des familles pauvres dans différents villages du Burkina Faso par l’octroi des moyens de production à quatorze (14) familles composés de dix (10) machines à coudre, de trois (03) vaches laitières et d’un centre de commerce.
Nom	Nombre	Coût	Lieu
Machine à coudre	10	34.176.000	Dori, Ouaga
Vaches laitières	3	3.304 000	Dori
Centre de commerce	1	384.000	Yakouta
Total	14	37.864.000	
Domaine de h famille et de l’enfant :
Qatar charity s’intéresse beaucoup à h mère et à l'enfant parce qu’ils constituent le socle de la vie en société. Elle s'intéresse également à la prise en
charge des orphelins afin de leur ollrir des meilleures conditions de vie pour qu’ils puissent réaliser leurs objectifs d’avenir. Elle a pris en charge plus de vingt (20) enseignants dans les différents niveaux de l’enseignement.
Nom	Nombre	Coût	Lieu
Prise	en d’orphelins	150	60.000.000	Bobo, Djibo, Dori, Fada
Prise	en charge d’enseignant	20	60.000.000	Arbinda, Djibo. Fada, Ouahigouya, Bobo
Total	170	120.000.000	
Domaine des projets périodiques :
Qatar Charity a réalisé un certain nombre de projets périodiques pendant les différents événements de l’année, afin de rendre la joie dans les cœurs des pauvres et des nécessiteux, pour le maintien de la solidarité dans la société.
Nom	Nombre	Coût	Lieu
Zakât-Elfitr	11	50.000.000	Bobo	et environnants, Djibo, Dori,	Fada. Ouahigouya. Ouagadougou et environnants, Tansalga. Kongoussi, etc.
Sacrifice	12	90.000.000	
Rupture du jeûne	II	67.000.000	
Total	34	207.000.000	
Domaine de prévention de catastrophes :
Qatar Charity est venue au secours des victimes des inondations dans les différentes régions du pays. Elle a ainsi offert des vivres, des couvertures et des tentes aux victimes des inondations notamment dans la région du Nord d’un coût estimé à 30.000.000 F CFA.
Le nombre de projets réalisé par Qatar Charity à travers les associations locales a atteint 648 projets selon les détails ci après :
N O	Nom du projet	Nombre	Montant en CFA
1	complexes	22	422.400 000
2	Dispensaires	30	90 400.000
3	Ecoles primaires	26	57 600 000
4	Centres d'alphabétisation	150	465 4 56 000
5	Puits et forages	368	205.970 000
6	Projets générateurs de revenus	14	37.864 000
7	Projets périodiques	34	207 000.000
8	Prévention des catastrophes	04	30 000.000
Coût total des projets		648	1316.690.000
Pri:	se en charge des orphelins	150	60 000 000
Prise en charge des enseignants		20	60 000 000
Total général			1.636.690.000
II.	Action diversifiée
Depuis le démarrage do ses activités opérationnelles au Burkina Faso en 2008, Qatar Charlty a graduellement renforcé et diversifié son action en faveur des couches les plus vulnérables des populations burkinabé.
Ainsi, les engagements nets cumulés de Qatar Charity d’un montant de 2.280.000 000 FCFA ont diversement contribué à l’amélioration des conditions socioéconomiques et du cadre de vie des populations par le financement de micro-projets et d’investissements productifs.
III. Réalisations
Fort des compétences de son équipe multidisciplinaire, Qatar Charity a répondu à des sollicitations diverses en réalisant près de (956) projets dans les 13 régions du pays. Les domaines d’intervention sont: l'éducation, la santé, l'agriculture, l'hydraulique, le parrainage d’orphelins, tout cela en soutien aux populations défavorisées.
Parmi ses réalisations ont peut citer entre autres :
^ Les Complexes multifonctionnels à Ouaga, Bobo-Dioulasso, Koudougou, Fada, Nion-Warbin, Koupéla, Zorgho, et Kienfangué ;
=> Le Complexe commercial de Tanghin ;
— Les Établissements scolaires (primaires et secondaires);
=> Les centres d’alphabétisation;
=> Les CSPS de Pabré et de Zorgho ;
=s Des AGR;
=> Des Puits et des forages ;
=> Des Mosquées
=> La distribution de Iftar;
=> La distribution de viande tabaski;
IV.	Une approche Innovant© pour renforcer les capacités économiques
Qatar Charity a adopté une démarche innovante pour le renforcement des capacités économiques et le développement des capacités de populations, visant ainsi la « Réalisation des Objectifs du Millénaires pour le Développement et la réduction de la pauvreté » en vue d’un développement socio-économique durable et soutenu.
V.	Le Projet de Renforcement Économique (PRE)
Le Projet de Renforcement Économique (PRE) est un mécanisme financier conçu par Qatar Charity. L'année 2010 a été l'année de son lancement effectif au Burkina Faso. La zone d'intervention du PRE couvre la province du Kadiogo et précisément les communes rurales de Komsil-ga et Komki-lpala. Les actions du PRE porteront sur 54 villages et près de 56.145 personnes bénéficiaires. Il contribue au renforcement des capacités des Organisations Paysannes afin de consolider leur rôle d’acteur majeur dans les efforts de développement humain et de réduction de la pauvreté au Burkina Faso
programme dans les differentes régions du Burkina Faso, pour un coût estimé à 37.864.000F CFA.
Domaine de?. » ion dos catastrophes :
Qatar Charih est venue au secours des victimes des inondations dans les différentes régions du pays. Elle a ainsi offert désirés, des couvertures et des tentes aux victimes des inondations notamment dans la région du Nord d’un coût estimé à 30.000,000 K
Le nombre de projets réalisé par Qatar Charity à travers les associations locales a atteint 831 projets selon les détails ci après
N®	Projets	Nombre	Montant en CFA
	Prévention des catastrophes		04	30 000 000
	Projets générateurs de revenus	27	37 864 000
LJ	Ecoles primaires	26	57 600 000
	, Pose en charge des orphelins (dix ans)	150	60 000 000
5	Pose en charge des enseignants (dix ans)	20	60 000 000
6	Dispensaires	30	140 400 000
	Puits et Forages	368	205 970 000
8	i Projets périodiques	34	207 000 000
[ 9	। Complexes	22	422 400 000
10	. Centre , d'Alphabétisation	150	465 4 56 000
	Total général	831	1 686 690 000
*Pr<wf4K»t iM# »aM*l>vt4'o«
■ IX.^al* q*f4r*Wi*« de imwM*
Il !.>!•« pifVA.M
lPii»« »n rh#<y» «k»» cyhAhrw hk* «n*)
■ IX*« «n ctMlpa >1». •'»«<iPMed« 0>. **)
■ OtaJWMk»#»
■ Cuit* «I rcnç.l
1hl’»t« rélhM 't’M ■ CMWç.M
Coordination tic Qatar Charity au Burkina Faso Il BP N12 OUAGACMS II Zone du Bols -colé nord de L.T.O.
TEL : (00226) 50 36 31 74 Cd : (00226)70 HO 17 30 E-mail : qcburkinafo qatarcharily.orK
Plan descriptif de Qatar Charity Création
Qatar Charity est une organisation internationale non gouvernementale créée en 1980 par un groupe de personnalités bien connues au Qatar pour leur crédibilité. Elle est soumise aux dispositions de la loi réglementant l'action des associations et institutions privées au Qatar. Elle est la plus grande et la plus ancienne organisation humanitaire du Qatar et intervient dans plus de 40 pays ù travers le monde.
Elle œuvre dans le domaine du déve I oppemcnt humai n et I a prévention* des catastrophes dans le monde. Elle fonctionne conformément aux accords internationaux pour l'action humanitaire cl volontaire ; c'est un organe consultatif du Conseil économique et social des Nations Unies.Elle intervient au Burkina Faso depuis d’une décennie.
Draines strstéglqsw
Qatar Charity
.4;
aux
dont les plus impcnanis
I -Domaine de I e
Qatar charity œuvre rcer U de; ru humain et la lune ccnue ' Jr :/^ . par la construction ces ec^e; ?n~Ai7> secondaires dans les diffère^ ' ; a. • Elle a ainsi construit plusieurs rc^es et lie^x de culte au Burkina Faso depuis le début de ses activités il va dix ans à tr : ; a F \ iodation Sabil-Anadja et F Association d’Appel à l'Islam. Elle a dépensé plus de 945.456.000 F CFA à titre de soutien à l'éducation au Burkina Faso.
Il • Domaine de santé :
Pour lutter contre les maladies mortelles, ainsi que le paludisme. Qatar Charitv travaille dans les pays pauvres pour contribuera combattre la propagation de ces maladies qui détruisent la vie de milliers de personnes chaque année, par la construction des dispensaires et la distribution des médicaments dans les régions ayant le besoin. Elle a ainsi construit plus de 30 dispensaires dans les différentes villes et provinces du Burkina Faso d'une valeur de 140.400.000F CFA.
III - Domaine de l'eau et de l'assainissement :
L'eau étant le socle de la vie, et pour fournir de l'eau potable aux pauvres et aux nécessiteux à travers le monde, Qatar Charity intervient par la construction des puits et forages dans les régions où le besoin se fait sentir. Elle a ainsi construit plus de 300 puits dans
les différentes provinces du Burkina Faso dont la valeur est estimée à 205.970.000F CFA.
IV - Domaine de la famille et de l'enfant :
Vu l'importance de la famille et son rôle dans le développement, Qatar Charitv intervient par la prise en charge des familles pauvres ; elle prend en charge également des orphelins, des veuves, des étudiants nécessiteux et des enseignants dans les différentes régions du pays et à différents niveaux.
V - Domaine des activités génératrices de revenus :
Pour la diminution de la pauvreté des familles, Qatar Charity finance des projets générateurs de revenus, visant à aider les familles pauvres ; ainsi, plus de 14 familles ont bénéficié de ce"
